{
  "version": 1,
  "notes": "",
  "documentation": "\"This file is a QMK Configurator export. You can import this at <https://config.qmk.fm>. It can also be used directly with QMK's source code.\n\nTo setup your QMK environment check out the tutorial: <https://docs.qmk.fm/#/newbs>\n\nYou can convert this file to a keymap.c using this command: `qmk json2c {keymap}`\n\nYou can compile this keymap using this command: `qmk compile {keymap}`\"\n",
  "keyboard": "keebio/chocopad",
  "keymap": "chocopad_v5",
  "layout": "LAYOUT_ortho_4x4",
  "layers": [
    [
      "KC_P7",
      "KC_P8",
      "KC_P9",
      "KC_PSLS",
      "KC_P4",
      "KC_P5",
      "KC_P6",
      "LT(2,KC_PEQL)",
      "KC_P1",
      "KC_P2",
      "KC_P3",
      "TG(1)",
      "KC_P0",
      "KC_PDOT",
      "KC_PMNS",
      "KC_PENT"
    ],
    [
      "KC_ESC",
      "KC_F1",
      "KC_F2",
      "KC_BSPC",
      "KC_D",
      "KC_F",
      "KC_J",
      "KC_K",
      "KC_Z",
      "KC_X",
      "KC_C",
      "KC_TRNS",
      "KC_UP",
      "KC_SPC",
      "KC_SPC",
      "KC_DOWN"
    ],
    [
      "RESET",
      "KC_PSLS",
      "KC_PAST",
      "BL_TOGG",
      "RGB_TOG",
      "KC_PMNS",
      "KC_PPLS",
      "KC_TRNS",
      "RGB_HUI",
      "RGB_SAI",
      "RGB_VAI",
      "BL_INC",
      "RGB_HUD",
      "RGB_SAD",
      "RGB_VAD",
      "BL_DEC"
    ]
  ],
  "author": ""
}